[
  {
    "block_id": 0,
    "stream_id": 10,
    "raw_bytes": 8000,
    "total_bytes": 28,
    "payload_bytes": 17,
    "header_bytes": 11,
    "routing_decision": "CORE",
    "routing_reason": "None",
    "entropy": 1,
    "delta_entropy": 0.001001001001001001,
    "dod_zero_run_rate": 1,
    "codec_selected": 4,
    "codec_name": "RLE_DOD"
  },
  {
    "block_id": 1,
    "stream_id": 10,
    "raw_bytes": 8000,
    "total_bytes": 23,
    "payload_bytes": 12,
    "header_bytes": 11,
    "routing_decision": "CORE",
    "routing_reason": "None",
    "entropy": 1,
    "delta_entropy": 0.001001001001001001,
    "dod_zero_run_rate": 1,
    "codec_selected": 4,
    "codec_name": "RLE_DOD"
  },
  {
    "block_id": 2,
    "stream_id": 10,
    "raw_bytes": 8000,
    "total_bytes": 23,
    "payload_bytes": 12,
    "header_bytes": 11,
    "routing_decision": "CORE",
    "routing_reason": "None",
    "entropy": 1,
    "delta_entropy": 0.001001001001001001,
    "dod_zero_run_rate": 1,
    "codec_selected": 4,
    "codec_name": "RLE_DOD"
  },
  {
    "block_id": 3,
    "stream_id": 10,
    "raw_bytes": 8000,
    "total_bytes": 23,
    "payload_bytes": 12,
    "header_bytes": 11,
    "routing_decision": "CORE",
    "routing_reason": "None",
    "entropy": 1,
    "delta_entropy": 0.001001001001001001,
    "dod_zero_run_rate": 1,
    "codec_selected": 4,
    "codec_name": "RLE_DOD"
  },
  {
    "block_id": 4,
    "stream_id": 10,
    "raw_bytes": 8000,
    "total_bytes": 23,
    "payload_bytes": 12,
    "header_bytes": 11,
    "routing_decision": "CORE",
    "routing_reason": "None",
    "entropy": 1,
    "delta_entropy": 0.001001001001001001,
    "dod_zero_run_rate": 1,
    "codec_selected": 4,
    "codec_name": "RLE_DOD"
  },
  {
    "block_id": 5,
    "stream_id": 10,
    "raw_bytes": 8000,
    "total_bytes": 23,
    "payload_bytes": 12,
    "header_bytes": 11,
    "routing_decision": "CORE",
    "routing_reason": "None",
    "entropy": 1,
    "delta_entropy": 0.001001001001001001,
    "dod_zero_run_rate": 1,
    "codec_selected": 4,
    "codec_name": "RLE_DOD"
  },
  {
    "block_id": 6,
    "stream_id": 10,
    "raw_bytes": 8000,
    "total_bytes": 23,
    "payload_bytes": 12,
    "header_bytes": 11,
    "routing_decision": "CORE",
    "routing_reason": "None",
    "entropy": 1,
    "delta_entropy": 0.001001001001001001,
    "dod_zero_run_rate": 1,
    "codec_selected": 4,
    "codec_name": "RLE_DOD"
  },
  {
    "block_id": 7,
    "stream_id": 10,
    "raw_bytes": 8000,
    "total_bytes": 23,
    "payload_bytes": 12,
    "header_bytes": 11,
    "routing_decision": "CORE",
    "routing_reason": "None",
    "entropy": 1,
    "delta_entropy": 0.001001001001001001,
    "dod_zero_run_rate": 1,
    "codec_selected": 4,
    "codec_name": "RLE_DOD"
  },
  {
    "block_id": 8,
    "stream_id": 10,
    "raw_bytes": 8000,
    "total_bytes": 23,
    "payload_bytes": 12,
    "header_bytes": 11,
    "routing_decision": "CORE",
    "routing_reason": "None",
    "entropy": 1,
    "delta_entropy": 0.001001001001001001,
    "dod_zero_run_rate": 1,
    "codec_selected": 4,
    "codec_name": "RLE_DOD"
  },
  {
    "block_id": 9,
    "stream_id": 10,
    "raw_bytes": 8000,
    "total_bytes": 23,
    "payload_bytes": 12,
    "header_bytes": 11,
    "routing_decision": "CORE",
    "routing_reason": "None",
    "entropy": 1,
    "delta_entropy": 0.001001001001001001,
    "dod_zero_run_rate": 1,
    "codec_selected": 4,
    "codec_name": "RLE_DOD"
  },
  {
    "block_id": 10,
    "stream_id": 20,
    "raw_bytes": 8000,
    "total_bytes": 112,
    "payload_bytes": 101,
    "header_bytes": 11,
    "routing_decision": "CORE",
    "routing_reason": "None",
    "entropy": 1,
    "delta_entropy": 0.009009009009009009,
    "dod_zero_run_rate": 0.969939879759519,
    "codec_selected": 4,
    "codec_name": "RLE_DOD"
  },
  {
    "block_id": 11,
    "stream_id": 20,
    "raw_bytes": 8000,
    "total_bytes": 126,
    "payload_bytes": 115,
    "header_bytes": 11,
    "routing_decision": "CORE",
    "routing_reason": "None",
    "entropy": 1,
    "delta_entropy": 0.01001001001001001,
    "dod_zero_run_rate": 0.9639278557114228,
    "codec_selected": 4,
    "codec_name": "RLE_DOD"
  },
  {
    "block_id": 12,
    "stream_id": 20,
    "raw_bytes": 8000,
    "total_bytes": 121,
    "payload_bytes": 110,
    "header_bytes": 11,
    "routing_decision": "CORE",
    "routing_reason": "None",
    "entropy": 1,
    "delta_entropy": 0.009009009009009009,
    "dod_zero_run_rate": 0.9659318637274549,
    "codec_selected": 4,
    "codec_name": "RLE_DOD"
  },
  {
    "block_id": 13,
    "stream_id": 20,
    "raw_bytes": 8000,
    "total_bytes": 115,
    "payload_bytes": 104,
    "header_bytes": 11,
    "routing_decision": "CORE",
    "routing_reason": "None",
    "entropy": 1,
    "delta_entropy": 0.008008008008008008,
    "dod_zero_run_rate": 0.9679358717434869,
    "codec_selected": 4,
    "codec_name": "RLE_DOD"
  },
  {
    "block_id": 14,
    "stream_id": 20,
    "raw_bytes": 8000,
    "total_bytes": 126,
    "payload_bytes": 115,
    "header_bytes": 11,
    "routing_decision": "CORE",
    "routing_reason": "None",
    "entropy": 1,
    "delta_entropy": 0.009009009009009009,
    "dod_zero_run_rate": 0.9639278557114228,
    "codec_selected": 4,
    "codec_name": "RLE_DOD"
  },
  {
    "block_id": 15,
    "stream_id": 20,
    "raw_bytes": 8000,
    "total_bytes": 126,
    "payload_bytes": 115,
    "header_bytes": 11,
    "routing_decision": "CORE",
    "routing_reason": "None",
    "entropy": 1,
    "delta_entropy": 0.009009009009009009,
    "dod_zero_run_rate": 0.9639278557114228,
    "codec_selected": 4,
    "codec_name": "RLE_DOD"
  },
  {
    "block_id": 16,
    "stream_id": 20,
    "raw_bytes": 8000,
    "total_bytes": 131,
    "payload_bytes": 120,
    "header_bytes": 11,
    "routing_decision": "CORE",
    "routing_reason": "None",
    "entropy": 1,
    "delta_entropy": 0.01001001001001001,
    "dod_zero_run_rate": 0.9619238476953907,
    "codec_selected": 4,
    "codec_name": "RLE_DOD"
  },
  {
    "block_id": 17,
    "stream_id": 20,
    "raw_bytes": 8000,
    "total_bytes": 111,
    "payload_bytes": 100,
    "header_bytes": 11,
    "routing_decision": "CORE",
    "routing_reason": "None",
    "entropy": 1,
    "delta_entropy": 0.007007007007007007,
    "dod_zero_run_rate": 0.969939879759519,
    "codec_selected": 4,
    "codec_name": "RLE_DOD"
  },
  {
    "block_id": 18,
    "stream_id": 20,
    "raw_bytes": 8000,
    "total_bytes": 121,
    "payload_bytes": 110,
    "header_bytes": 11,
    "routing_decision": "CORE",
    "routing_reason": "None",
    "entropy": 1,
    "delta_entropy": 0.009009009009009009,
    "dod_zero_run_rate": 0.9659318637274549,
    "codec_selected": 4,
    "codec_name": "RLE_DOD"
  },
  {
    "block_id": 19,
    "stream_id": 20,
    "raw_bytes": 8000,
    "total_bytes": 122,
    "payload_bytes": 111,
    "header_bytes": 11,
    "routing_decision": "CORE",
    "routing_reason": "None",
    "entropy": 1,
    "delta_entropy": 0.009009009009009009,
    "dod_zero_run_rate": 0.9639278557114228,
    "codec_selected": 4,
    "codec_name": "RLE_DOD"
  }
]