[
  {
    "block_id": 0,
    "stream_id": 10,
    "raw_bytes": 8000,
    "total_bytes": 4942,
    "payload_bytes": 4931,
    "header_bytes": 11,
    "routing_decision": "QUARANTINE",
    "routing_reason": "ENTROPY_GATE",
    "entropy": 1,
    "delta_entropy": 1,
    "dod_zero_run_rate": 0,
    "codec_selected": 5,
    "codec_name": "DOD_VARINT"
  },
  {
    "block_id": 1,
    "stream_id": 10,
    "raw_bytes": 8000,
    "total_bytes": 4933,
    "payload_bytes": 4922,
    "header_bytes": 11,
    "routing_decision": "QUARANTINE",
    "routing_reason": "ENTROPY_GATE",
    "entropy": 1,
    "delta_entropy": 1,
    "dod_zero_run_rate": 0,
    "codec_selected": 5,
    "codec_name": "DOD_VARINT"
  },
  {
    "block_id": 2,
    "stream_id": 10,
    "raw_bytes": 8000,
    "total_bytes": 4948,
    "payload_bytes": 4937,
    "header_bytes": 11,
    "routing_decision": "QUARANTINE",
    "routing_reason": "ENTROPY_GATE",
    "entropy": 1,
    "delta_entropy": 1,
    "dod_zero_run_rate": 0,
    "codec_selected": 5,
    "codec_name": "DOD_VARINT"
  },
  {
    "block_id": 3,
    "stream_id": 10,
    "raw_bytes": 8000,
    "total_bytes": 4943,
    "payload_bytes": 4932,
    "header_bytes": 11,
    "routing_decision": "QUARANTINE",
    "routing_reason": "ENTROPY_GATE",
    "entropy": 1,
    "delta_entropy": 1,
    "dod_zero_run_rate": 0,
    "codec_selected": 5,
    "codec_name": "DOD_VARINT"
  },
  {
    "block_id": 4,
    "stream_id": 10,
    "raw_bytes": 8000,
    "total_bytes": 4949,
    "payload_bytes": 4938,
    "header_bytes": 11,
    "routing_decision": "QUARANTINE",
    "routing_reason": "ENTROPY_GATE",
    "entropy": 1,
    "delta_entropy": 1,
    "dod_zero_run_rate": 0,
    "codec_selected": 5,
    "codec_name": "DOD_VARINT"
  },
  {
    "block_id": 5,
    "stream_id": 10,
    "raw_bytes": 8000,
    "total_bytes": 4936,
    "payload_bytes": 4925,
    "header_bytes": 11,
    "routing_decision": "QUARANTINE",
    "routing_reason": "ENTROPY_GATE",
    "entropy": 1,
    "delta_entropy": 1,
    "dod_zero_run_rate": 0,
    "codec_selected": 5,
    "codec_name": "DOD_VARINT"
  },
  {
    "block_id": 6,
    "stream_id": 10,
    "raw_bytes": 8000,
    "total_bytes": 4943,
    "payload_bytes": 4932,
    "header_bytes": 11,
    "routing_decision": "QUARANTINE",
    "routing_reason": "ENTROPY_GATE",
    "entropy": 1,
    "delta_entropy": 1,
    "dod_zero_run_rate": 0,
    "codec_selected": 5,
    "codec_name": "DOD_VARINT"
  },
  {
    "block_id": 7,
    "stream_id": 10,
    "raw_bytes": 8000,
    "total_bytes": 4945,
    "payload_bytes": 4934,
    "header_bytes": 11,
    "routing_decision": "QUARANTINE",
    "routing_reason": "ENTROPY_GATE",
    "entropy": 1,
    "delta_entropy": 1,
    "dod_zero_run_rate": 0,
    "codec_selected": 5,
    "codec_name": "DOD_VARINT"
  },
  {
    "block_id": 8,
    "stream_id": 10,
    "raw_bytes": 8000,
    "total_bytes": 4953,
    "payload_bytes": 4942,
    "header_bytes": 11,
    "routing_decision": "QUARANTINE",
    "routing_reason": "ENTROPY_GATE",
    "entropy": 1,
    "delta_entropy": 1,
    "dod_zero_run_rate": 0,
    "codec_selected": 5,
    "codec_name": "DOD_VARINT"
  },
  {
    "block_id": 9,
    "stream_id": 10,
    "raw_bytes": 8000,
    "total_bytes": 4944,
    "payload_bytes": 4933,
    "header_bytes": 11,
    "routing_decision": "QUARANTINE",
    "routing_reason": "ENTROPY_GATE",
    "entropy": 1,
    "delta_entropy": 1,
    "dod_zero_run_rate": 0,
    "codec_selected": 5,
    "codec_name": "DOD_VARINT"
  },
  {
    "block_id": 10,
    "stream_id": 20,
    "raw_bytes": 8000,
    "total_bytes": 4756,
    "payload_bytes": 4745,
    "header_bytes": 11,
    "routing_decision": "QUARANTINE",
    "routing_reason": "ENTROPY_GATE",
    "entropy": 1,
    "delta_entropy": 1,
    "dod_zero_run_rate": 0,
    "codec_selected": 1,
    "codec_name": "VARINT_DELTA"
  },
  {
    "block_id": 11,
    "stream_id": 20,
    "raw_bytes": 8000,
    "total_bytes": 4744,
    "payload_bytes": 4733,
    "header_bytes": 11,
    "routing_decision": "QUARANTINE",
    "routing_reason": "ENTROPY_GATE",
    "entropy": 1,
    "delta_entropy": 1,
    "dod_zero_run_rate": 0,
    "codec_selected": 1,
    "codec_name": "VARINT_DELTA"
  },
  {
    "block_id": 12,
    "stream_id": 20,
    "raw_bytes": 8000,
    "total_bytes": 4758,
    "payload_bytes": 4747,
    "header_bytes": 11,
    "routing_decision": "QUARANTINE",
    "routing_reason": "ENTROPY_GATE",
    "entropy": 1,
    "delta_entropy": 1,
    "dod_zero_run_rate": 0,
    "codec_selected": 1,
    "codec_name": "VARINT_DELTA"
  },
  {
    "block_id": 13,
    "stream_id": 20,
    "raw_bytes": 8000,
    "total_bytes": 4745,
    "payload_bytes": 4734,
    "header_bytes": 11,
    "routing_decision": "QUARANTINE",
    "routing_reason": "ENTROPY_GATE",
    "entropy": 1,
    "delta_entropy": 1,
    "dod_zero_run_rate": 0,
    "codec_selected": 1,
    "codec_name": "VARINT_DELTA"
  },
  {
    "block_id": 14,
    "stream_id": 20,
    "raw_bytes": 8000,
    "total_bytes": 4761,
    "payload_bytes": 4750,
    "header_bytes": 11,
    "routing_decision": "QUARANTINE",
    "routing_reason": "ENTROPY_GATE",
    "entropy": 1,
    "delta_entropy": 1,
    "dod_zero_run_rate": 0,
    "codec_selected": 1,
    "codec_name": "VARINT_DELTA"
  },
  {
    "block_id": 15,
    "stream_id": 20,
    "raw_bytes": 8000,
    "total_bytes": 4740,
    "payload_bytes": 4729,
    "header_bytes": 11,
    "routing_decision": "QUARANTINE",
    "routing_reason": "ENTROPY_GATE",
    "entropy": 1,
    "delta_entropy": 1,
    "dod_zero_run_rate": 0,
    "codec_selected": 1,
    "codec_name": "VARINT_DELTA"
  },
  {
    "block_id": 16,
    "stream_id": 20,
    "raw_bytes": 8000,
    "total_bytes": 4750,
    "payload_bytes": 4739,
    "header_bytes": 11,
    "routing_decision": "QUARANTINE",
    "routing_reason": "ENTROPY_GATE",
    "entropy": 1,
    "delta_entropy": 1,
    "dod_zero_run_rate": 0,
    "codec_selected": 1,
    "codec_name": "VARINT_DELTA"
  },
  {
    "block_id": 17,
    "stream_id": 20,
    "raw_bytes": 8000,
    "total_bytes": 4762,
    "payload_bytes": 4751,
    "header_bytes": 11,
    "routing_decision": "QUARANTINE",
    "routing_reason": "ENTROPY_GATE",
    "entropy": 1,
    "delta_entropy": 1,
    "dod_zero_run_rate": 0,
    "codec_selected": 1,
    "codec_name": "VARINT_DELTA"
  },
  {
    "block_id": 18,
    "stream_id": 20,
    "raw_bytes": 8000,
    "total_bytes": 4790,
    "payload_bytes": 4779,
    "header_bytes": 11,
    "routing_decision": "QUARANTINE",
    "routing_reason": "ENTROPY_GATE",
    "entropy": 1,
    "delta_entropy": 1,
    "dod_zero_run_rate": 0,
    "codec_selected": 1,
    "codec_name": "VARINT_DELTA"
  },
  {
    "block_id": 19,
    "stream_id": 20,
    "raw_bytes": 8000,
    "total_bytes": 4766,
    "payload_bytes": 4755,
    "header_bytes": 11,
    "routing_decision": "QUARANTINE",
    "routing_reason": "ENTROPY_GATE",
    "entropy": 1,
    "delta_entropy": 1,
    "dod_zero_run_rate": 0,
    "codec_selected": 1,
    "codec_name": "VARINT_DELTA"
  }
]